#SampleID,Barcode_Sequence,Linker_Primer_Sequence,Barcode_Name,Project_Name,Description,Dog_Name,Age,Normal_Diet,Time_Point,Date_of_hunt,Sex,Breed ,Sample_Type,Diet,Diet_type,Diet_Category,Fat_%_fed,Fat_g/100kcal_ME,CHO_%_fed,CHO_g/100_ME,Protein_%_fed,Protein_g/100kcal_ME,Diet_Sequence
saAus.K9.1,GAGAGTGT,GTGCCAGCMGCCGCGGTAA,515Fbar1,101014JS515Fillumina1,A.4.25,mustard,1,Washout,Washout,2014,m,foxhound,individual,c,meat,High_Protein,31,15,0,0,69,26,acb
saAus.K9.6,GAGTACAG,GTGCCAGCMGCCGCGGTAA,515Fbar6,101014JS515Fillumina1,A.0.2,amber,9,Baseline,Baseline,2006,f,foxhound,individual,c,meat,High_Protein,31,15,0,0,69,26,acb
saAus.K9.7,GAGTACTC,GTGCCAGCMGCCGCGGTAA,515Fbar7,101014JS515Fillumina1,A.2.24,bandit,2,NA,End_Hypoallergenic,2013,m,foxhound,individual,a,z/d,Hypoallergenic,12.8,3.4,54.6,14.7,17.5,4.7,acb
saAus.K9.8,GAGTAGAC,GTGCCAGCMGCCGCGGTAA,515Fbar8,101014JS515Fillumina1,A.2.19,rena,4,NA,End_Hypoallergenic,2011,f,foxhound,individual,a,z/d,Hypoallergenic,12.8,3.4,54.6,14.7,17.5,4.7,acb
saAus.K9.9,GAGTAGTG,GTGCCAGCMGCCGCGGTAA,515Fbar9,101014JS515Fillumina1,B.6.10,admiral,6,NA,End_Hypoallergenic,2009,m,foxhound,individual,a,z/d,Hypoallergenic,12.8,3.4,54.6,14.7,17.5,4.7,bca
saAus.K9.11,GAGTCAGA,GTGCCAGCMGCCGCGGTAA,515Fbar11,101014JS515Fillumina1,B.4.7,gaffa,5,Washout,Washout,2010,m,foxhound,individual,c,meat,High_Protein,31,15,0,0,69,26,bca
saAus.K9.12,GAGTCTCA,GTGCCAGCMGCCGCGGTAA,515Fbar12,101014JS515Fillumina1,A.0.18,banjo,4,Baseline,Baseline,2011,m,foxhound,individual,c,meat,High_Protein,31,15,0,0,69,26,acb
saAus.K9.14,GAGTGACA,GTGCCAGCMGCCGCGGTAA,515Fbar14,101014JS515Fillumina1,A.4.6,acorn,7,Washout,Washout,2008,f,foxhound,individual,c,meat,High_Protein,31,15,0,0,69,26,acb
saAus.K9.15,GAGTGAGT,GTGCCAGCMGCCGCGGTAA,515Fbar15,101014JS515Fillumina1,B.4.13,halifax,3,Washout,Washout,2012,m,foxhound,individual,c,meat,High_Protein,31,15,0,0,69,26,bca
saAus.K9.17,GAGTGTGA,GTGCCAGCMGCCGCGGTAA,515Fbar17,101014JS515Fillumina1,B.6.3,promise,7,NA,End_Hypoallergenic,2008,f,foxhound,individual,a,z/d,Hypoallergenic,12.8,3.4,54.6,14.7,17.5,4.7,bca
saAus.K9.18,GAGTTCAC,GTGCCAGCMGCCGCGGTAA,515Fbar18,101014JS515Fillumina1,A.6.14,charcoal,5,NA,End_High_Fibre,2010,m,foxhound,individual,b,w/d,High_Fibre,8.1,2.7,44.7,15,17.2,5.8,acb
saAus.K9.21,GAGTTGTC,GTGCCAGCMGCCGCGGTAA,515Fbar21,101014JS515Fillumina1,A.2.20,favour,3,NA,End_Hypoallergenic,2012,f,foxhound,individual,a,z/d,Hypoallergenic,12.8,3.4,54.6,14.7,17.5,4.7,acb
saAus.K9.22,GATCACCA,GTGCCAGCMGCCGCGGTAA,515Fbar22,101014JS515Fillumina1,A.4.17,kindle,4,Washout,Washout,2011,f,foxhound,individual,c,meat,High_Protein,31,15,0,0,69,26,acb
saAus.K9.23,GATCACGT,GTGCCAGCMGCCGCGGTAA,515Fbar23,101014JS515Fillumina1,A.6.22,barman,2,NA,End_High_Fibre,2013,m,foxhound,individual,b,w/d,High_Fibre,8.1,2.7,44.7,15,17.2,5.8,acb
saAus.K9.24,GATCAGCT,GTGCCAGCMGCCGCGGTAA,515Fbar24,101014JS515Fillumina1,B.2.21,hugh,1,NA,End_High_Fibre,2014,m,foxhound,individual,b,w/d,High_Fibre,8.1,2.7,44.7,15,17.2,5.8,bca
saAus.K9.25,GATCAGGA,GTGCCAGCMGCCGCGGTAA,515Fbar25,101014JS515Fillumina1,B.6.9,gerlert,5,NA,End_Hypoallergenic,2010,m,foxhound,individual,a,z/d,Hypoallergenic,12.8,3.4,54.6,14.7,17.5,4.7,bca
saAus.K9.26,GATCCAAC,GTGCCAGCMGCCGCGGTAA,515Fbar26,101014JS515Fillumina1,A.4.24,bandit,2,Washout,Washout,2013,m,foxhound,individual,c,meat,High_Protein,31,15,0,0,69,26,acb
saAus.K9.27,GATCCATG,GTGCCAGCMGCCGCGGTAA,515Fbar27,101014JS515Fillumina1,B.0.21,hugh,1,Baseline,Baseline,2014,m,foxhound,individual,c,meat,High_Protein,31,15,0,0,69,26,bca
saAus.K9.28,GATCCTAG,GTGCCAGCMGCCGCGGTAA,515Fbar28,101014JS515Fillumina1,A.4.9,beauty,7,Washout,Washout,2008,f,foxhound,individual,c,meat,High_Protein,31,15,0,0,69,26,acb
saAus.K9.29,GATGAGGT,GTGCCAGCMGCCGCGGTAA,515Fbar41,101014JS515Fillumina1,B.4.8,nigel,5,Washout,Washout,2010,m,foxhound,individual,c,meat,High_Protein,31,15,0,0,69,26,bca
saAus.K9.30,GATCCTTC,GTGCCAGCMGCCGCGGTAA,515Fbar29,101014JS515Fillumina1,B.2.7,gaffa,5,NA,End_High_Fibre,2010,m,foxhound,individual,b,w/d,High_Fibre,8.1,2.7,44.7,15,17.2,5.8,bca
saAus.K9.31,GATCGAAG,GTGCCAGCMGCCGCGGTAA,515Fbar30,101014JS515Fillumina1,B.0.7,gaffa,5,Baseline,Baseline,2010,m,foxhound,individual,c,meat,High_Protein,31,15,0,0,69,26,bca
saAus.K9.32,GATCGATC,GTGCCAGCMGCCGCGGTAA,515Fbar31,101014JS515Fillumina1,B.0.23,bentley,1,Baseline,Baseline,2014,m,foxhound,individual,c,meat,High_Protein,31,15,0,0,69,26,bca
saAus.K9.35,GATCTCCT,GTGCCAGCMGCCGCGGTAA,515Fbar34,101014JS515Fillumina1,B.2.20,banker,2,NA,End_High_Fibre,2013,m,foxhound,individual,b,w/d,High_Fibre,8.1,2.7,44.7,15,17.2,5.8,bca
saAus.K9.36,GATCTCGA,GTGCCAGCMGCCGCGGTAA,515Fbar35,101014JS515Fillumina1,A.0.4,anqor,7,Baseline,Baseline,2008,m,foxhound,individual,c,meat,High_Protein,31,15,0,0,69,26,acb
saAus.K9.38,GATCTGGT,GTGCCAGCMGCCGCGGTAA,515Fbar37,101014JS515Fillumina1,B.4.16,bookmaker,2,Washout,Washout,2013,m,foxhound,individual,c,meat,High_Protein,31,15,0,0,69,26,bca
saAus.K9.39,GATGACCT,GTGCCAGCMGCCGCGGTAA,515Fbar38,101014JS515Fillumina1,A.6.9,beauty,7,NA,End_High_Fibre,2008,f,foxhound,individual,b,w/d,High_Fibre,8.1,2.7,44.7,15,17.2,5.8,acb
saAus.K9.40,GATGACGA,GTGCCAGCMGCCGCGGTAA,515Fbar39,101014JS515Fillumina1,A.6.21,bedlam,2,NA,End_High_Fibre,2013,f,foxhound,individual,b,w/d,High_Fibre,8.1,2.7,44.7,15,17.2,5.8,acb
saAus.K9.42,GATGAGGT,GTGCCAGCMGCCGCGGTAA,515Fbar41,101014JS515Fillumina1,A.4.1,blackprint,10,Washout,Washout,2005,m,foxhound,individual,c,meat,High_Protein,31,15,0,0,69,26,acb
saAus.K9.43,GATGCAAG,GTGCCAGCMGCCGCGGTAA,515Fbar42,101014JS515Fillumina1,B.4.17,spitster,2,Washout,Washout,2013,f,foxhound,individual,c,meat,High_Protein,31,15,0,0,69,26,bca
saAus.K9.46,GATGCTTG,GTGCCAGCMGCCGCGGTAA,515Fbar45,101014JS515Fillumina1,A.0.15,beach boy,5,Baseline,Baseline,2010,m,foxhound,individual,c,meat,High_Protein,31,15,0,0,69,26,acb
saAus.K9.47,GATGGAAC,GTGCCAGCMGCCGCGGTAA,515Fbar46,101014JS515Fillumina1,B.6.19,hero,2,NA,End_Hypoallergenic,2013,m,foxhound,individual,a,z/d,Hypoallergenic,12.8,3.4,54.6,14.7,17.5,4.7,bca
saAus.K9.50,GATGGTTC,GTGCCAGCMGCCGCGGTAA,515Fbar49,101014JS515Fillumina1,B.0.12,anguish,4,Baseline,Baseline,2011,f,foxhound,individual,c,meat,High_Protein,31,15,0,0,69,26,bca
saAus.K9.52,GATGTCGT,GTGCCAGCMGCCGCGGTAA,515Fbar51,101014JS515Fillumina1,A.0.7,ascot,7,Baseline,Baseline,2008,m,foxhound,individual,c,meat,High_Protein,31,15,0,0,69,26,acb
saAus.K9.53,GATGCAAG,GTGCCAGCMGCCGCGGTAA,515Fbar42,101014JS515Fillumina1,B.4.4,allaby,6,Washout,Washout,2009,f,foxhound,individual,c,meat,High_Protein,31,15,0,0,69,26,bca
saAus.K9.56,CCTATAGC,GTGCCAGCMGCCGCGGTAA,515Fbar54,101014JS515Fillumina1,A.0.8,cybil,7,Baseline,Baseline,2008,f,foxhound,individual,c,meat,High_Protein,31,15,0,0,69,26,acb
saAus.K9.58,CCTCAGTA,GTGCCAGCMGCCGCGGTAA,515Fbar56,101014JS515Fillumina1,A.0.19,rena,4,Baseline,Baseline,2011,f,foxhound,individual,c,meat,High_Protein,31,15,0,0,69,26,acb
saAus.K9.60,CCTCTCAG,GTGCCAGCMGCCGCGGTAA,515Fbar58,101014JS515Fillumina1,A.2.21,bedlam,2,NA,End_Hypoallergenic,2013,f,foxhound,individual,a,z/d,Hypoallergenic,12.8,3.4,54.6,14.7,17.5,4.7,acb
saAus.K9.61,CCTGACAT,GTGCCAGCMGCCGCGGTAA,515Fbar59,101014JS515Fillumina1,A.6.23,bachelor,2,NA,End_High_Fibre,2013,m,foxhound,individual,b,w/d,High_Fibre,8.1,2.7,44.7,15,17.2,5.8,acb
saAus.K9.63,CCTGAGCA,GTGCCAGCMGCCGCGGTAA,515Fbar61,101014JS515Fillumina1,B.6.14,carlton,3,NA,End_Hypoallergenic,2012,m,foxhound,individual,a,z/d,Hypoallergenic,12.8,3.4,54.6,14.7,17.5,4.7,bca
saAus.K9.65,CCTTCTGG,GTGCCAGCMGCCGCGGTAA,515Fbar63,101014JS515Fillumina1,B.6.21,hugh,1,NA,End_Hypoallergenic,2014,m,foxhound,individual,a,z/d,Hypoallergenic,12.8,3.4,54.6,14.7,17.5,4.7,bca
saAus.K9.66,CCTTGATC,GTGCCAGCMGCCGCGGTAA,515Fbar64,101014JS515Fillumina1,B.6.11,kernal,4,NA,End_Hypoallergenic,2011,m,foxhound,individual,a,z/d,Hypoallergenic,12.8,3.4,54.6,14.7,17.5,4.7,bca
saAus.K9.68,CCTTGGCT,GTGCCAGCMGCCGCGGTAA,515Fbar66,101014JS515Fillumina1,B.0.6,brightly,5,Baseline,Baseline,2010,f,foxhound,individual,c,meat,High_Protein,31,15,0,0,69,26,bca
saAus.K9.69,CGAACCTG,GTGCCAGCMGCCGCGGTAA,515Fbar67,101014JS515Fillumina1,A.4.18,banjo,4,Washout,Washout,2011,m,foxhound,individual,c,meat,High_Protein,31,15,0,0,69,26,acb
saAus.K9.70,CGAAGTCA,GTGCCAGCMGCCGCGGTAA,515Fbar68,101014JS515Fillumina1,B.2.14,carlton,3,NA,End_High_Fibre,2012,m,foxhound,individual,b,w/d,High_Fibre,8.1,2.7,44.7,15,17.2,5.8,bca
saAus.K9.71,CGAATGAT,GTGCCAGCMGCCGCGGTAA,515Fbar69,101014JS515Fillumina1,A.4.8,cybil,7,Washout,Washout,2008,f,foxhound,individual,c,meat,High_Protein,31,15,0,0,69,26,acb
saAus.K9.72,CGACAGCT,GTGCCAGCMGCCGCGGTAA,515Fbar70,101014JS515Fillumina1,B.2.12,anguish,4,NA,End_High_Fibre,2011,f,foxhound,individual,b,w/d,High_Fibre,8.1,2.7,44.7,15,17.2,5.8,bca
saAus.K9.73,CGACATAT,GTGCCAGCMGCCGCGGTAA,515Fbar71,101014JS515Fillumina1,B.0.3,promise,7,Baseline,Baseline,2008,f,foxhound,individual,c,meat,High_Protein,31,15,0,0,69,26,bca
saAus.K9.74,CGACTGTA,GTGCCAGCMGCCGCGGTAA,515Fbar72,101014JS515Fillumina1,A.2.15,beach boy,5,NA,End_Hypoallergenic,2010,m,foxhound,individual,a,z/d,Hypoallergenic,12.8,3.4,54.6,14.7,17.5,4.7,acb
saAus.K9.75,CGAGAATA,GTGCCAGCMGCCGCGGTAA,515Fbar73,101014JS515Fillumina1,A.2.22,barman,2,NA,End_Hypoallergenic,2013,m,foxhound,individual,a,z/d,Hypoallergenic,12.8,3.4,54.6,14.7,17.5,4.7,acb
saAus.K9.76,CGAGGATG,GTGCCAGCMGCCGCGGTAA,515Fbar74,101014JS515Fillumina1,A.2.11,nector,6,NA,End_Hypoallergenic,2009,f,foxhound,individual,a,z/d,Hypoallergenic,12.8,3.4,54.6,14.7,17.5,4.7,acb
saAus.K9.77,CGAGTGAC,GTGCCAGCMGCCGCGGTAA,515Fbar75,101014JS515Fillumina1,A.2.12,alphabet,6,NA,End_Hypoallergenic,2009,f,foxhound,individual,a,z/d,Hypoallergenic,12.8,3.4,54.6,14.7,17.5,4.7,acb
saAus.K9.78,CGATACGT,GTGCCAGCMGCCGCGGTAA,515Fbar76,101014JS515Fillumina1,A.6.11,nector,6,NA,End_High_Fibre,2009,f,foxhound,individual,b,w/d,High_Fibre,8.1,2.7,44.7,15,17.2,5.8,acb
saAus.K9.79,CGATATCT,GTGCCAGCMGCCGCGGTAA,515Fbar77,101014JS515Fillumina1,A.2.3,honest,8,NA,End_Hypoallergenic,2007,f,foxhound,individual,a,z/d,Hypoallergenic,12.8,3.4,54.6,14.7,17.5,4.7,acb
saAus.K9.80,CGATGCAC,GTGCCAGCMGCCGCGGTAA,515Fbar78,101014JS515Fillumina1,B.4.11,kernal,4,Washout,Washout,2011,m,foxhound,individual,c,meat,High_Protein,31,15,0,0,69,26,bca
saAus.K9.82,CGCACGAC,GTGCCAGCMGCCGCGGTAA,515Fbar80,101014JS515Fillumina1,A.6.15,beach boy,5,NA,End_High_Fibre,2010,m,foxhound,individual,b,w/d,High_Fibre,8.1,2.7,44.7,15,17.2,5.8,acb
saAus.K9.83,CGCAGCTG,GTGCCAGCMGCCGCGGTAA,515Fbar81,101014JS515Fillumina1,B.4.9,nigel,5,Washout,Washout,2010,m,foxhound,individual,c,meat,High_Protein,31,15,0,0,69,26,bca
saAus.K9.85,CGCCCAAT,GTGCCAGCMGCCGCGGTAA,515Fbar83,101014JS515Fillumina1,A.6.3,honest,8,NA,End_High_Fibre,2007,f,foxhound,individual,b,w/d,High_Fibre,8.1,2.7,44.7,15,17.2,5.8,acb
saAus.K9.87,CGCGAGAC,GTGCCAGCMGCCGCGGTAA,515Fbar85,101014JS515Fillumina1,A.6.25,mustard,1,NA,End_High_Fibre,2014,m,foxhound,individual,b,w/d,High_Fibre,8.1,2.7,44.7,15,17.2,5.8,acb
saAus.K9.88,CGCGATAA,GTGCCAGCMGCCGCGGTAA,515Fbar86,101014JS515Fillumina1,A.2.17,kindle,4,NA,End_Hypoallergenic,2011,f,foxhound,individual,a,z/d,Hypoallergenic,12.8,3.4,54.6,14.7,17.5,4.7,acb
saAus.K9.89,CGCGCCAA,GTGCCAGCMGCCGCGGTAA,515Fbar87,101014JS515Fillumina1,B.0.9,gerlert,5,Baseline,Baseline,2010,m,foxhound,individual,c,meat,High_Protein,31,15,0,0,69,26,bca
saAus.K9.90,CGCTACAT,GTGCCAGCMGCCGCGGTAA,515Fbar88,101014JS515Fillumina1,A.4.12,alphabet,6,Washout,Washout,2009,f,foxhound,individual,c,meat,High_Protein,31,15,0,0,69,26,acb
saAus.K9.92,GAGAACCT,GTGCCAGCMGCCGCGGTAA,515Fbar90,101014JS515Fillumina1,A.6.13,hiccup,6,NA,End_High_Fibre,2009,f,foxhound,individual,b,w/d,High_Fibre,8.1,2.7,44.7,15,17.2,5.8,acb
saAus.K9.93,GAGAATGA,GTGCCAGCMGCCGCGGTAA,515Fbar91,101014JS515Fillumina1,B.2.19,hero,2,NA,End_High_Fibre,2013,m,foxhound,individual,b,w/d,High_Fibre,8.1,2.7,44.7,15,17.2,5.8,bca
saAus.K9.94,GAGACCAC,GTGCCAGCMGCCGCGGTAA,515Fbar92,101014JS515Fillumina1,A.6.4,anqor,7,NA,End_High_Fibre,2008,m,foxhound,individual,b,w/d,High_Fibre,8.1,2.7,44.7,15,17.2,5.8,acb
saAus.K9.97,GAGACGTG,GTGCCAGCMGCCGCGGTAA,515Fbar95,101014JS515Fillumina1,B.0.19,hero,2,Baseline,Baseline,2013,m,foxhound,individual,c,meat,High_Protein,31,15,0,0,69,26,bca
saAus.K9.99,GAGCATGC,GTGCCAGCMGCCGCGGTAA,515Fbar97,101014JS515Fillumina1,A.6.6,acorn,7,NA,End_High_Fibre,2008,f,foxhound,individual,b,w/d,High_Fibre,8.1,2.7,44.7,15,17.2,5.8,acb
saAus.K9.100,GAGCCGCG,GTGCCAGCMGCCGCGGTAA,515Fbar98,101014JS515Fillumina1,A.6.12,alphabet,6,NA,End_High_Fibre,2009,f,foxhound,individual,b,w/d,High_Fibre,8.1,2.7,44.7,15,17.2,5.8,acb
saAus.K9.101,GAGCGCGG,GTGCCAGCMGCCGCGGTAA,515Fbar99,101014JS515Fillumina1,A.4.13,hiccup,6,Washout,Washout,2009,f,foxhound,individual,c,meat,High_Protein,31,15,0,0,69,26,acb
saAus.K9.104,GAGGCTGC,GTGCCAGCMGCCGCGGTAA,515Fbar102,101014JS515Fillumina1,B.0.11,kernal,4,Baseline,Baseline,2011,m,foxhound,individual,c,meat,High_Protein,31,15,0,0,69,26,bca
saAus.K9.105,GAGTGCGC,GTGCCAGCMGCCGCGGTAA,515Fbar103,101014JS515Fillumina1,B.4.20,banker,2,Washout,Washout,2013,m,foxhound,individual,c,meat,High_Protein,31,15,0,0,69,26,bca
saAus.K9.106,GAGTTATG,GTGCCAGCMGCCGCGGTAA,515Fbar104,101014JS515Fillumina1,A.2.14,charcoal,5,NA,End_Hypoallergenic,2010,m,foxhound,individual,a,z/d,Hypoallergenic,12.8,3.4,54.6,14.7,17.5,4.7,acb
saAus.K9.107,GAGTTATT,GTGCCAGCMGCCGCGGTAA,515Fbar105,101014JS515Fillumina1,A.0.9,beauty,7,Baseline,Baseline,2008,f,foxhound,individual,c,meat,High_Protein,31,15,0,0,69,26,acb
saAus.K9.109,GATAACTG,GTGCCAGCMGCCGCGGTAA,515Fbar107,101014JS515Fillumina1,A.2.25,mustard,1,NA,End_Hypoallergenic,2014,m,foxhound,individual,a,z/d,Hypoallergenic,12.8,3.4,54.6,14.7,17.5,4.7,acb
saAus.K9.110,GATAAGAG,GTGCCAGCMGCCGCGGTAA,515Fbar108,101014JS515Fillumina1,A.0.5,amigo,8,Baseline,Baseline,2007,f,foxhound,individual,c,meat,High_Protein,31,15,0,0,69,26,acb
saAus.K9.113,GATAGATT,GTGCCAGCMGCCGCGGTAA,515Fbar111,101014JS515Fillumina1,B.2.2,bradman,7,NA,End_High_Fibre,2008,m,foxhound,individual,b,w/d,High_Fibre,8.1,2.7,44.7,15,17.2,5.8,bca
saAus.K9.114,GATATAAC,GTGCCAGCMGCCGCGGTAA,515Fbar112,101014JS515Fillumina1,B.0.22,baxter,1,Baseline,Baseline,2014,m,foxhound,individual,c,meat,High_Protein,31,15,0,0,69,26,bca
saAus.K9.115,GATATGGG,GTGCCAGCMGCCGCGGTAA,515Fbar113,101014JS515Fillumina1,B.6.8,nigel,5,NA,End_Hypoallergenic,2010,m,foxhound,individual,a,z/d,Hypoallergenic,12.8,3.4,54.6,14.7,17.5,4.7,bca
saAus.K9.116,GATCAACG,GTGCCAGCMGCCGCGGTAA,515Fbar114,101014JS515Fillumina1,A.0.25,mustard,1,Baseline,Baseline,2014,m,foxhound,individual,c,meat,High_Protein,31,15,0,0,69,26,acb
saAus.K9.117,GATCCACC,GTGCCAGCMGCCGCGGTAA,515Fbar115,101014JS515Fillumina1,A.0.24,bandit,2,Baseline,Baseline,2013,m,foxhound,individual,c,meat,High_Protein,31,15,0,0,69,26,acb
saAus.K9.118,GATCCGGT,GTGCCAGCMGCCGCGGTAA,515Fbar116,101014JS515Fillumina1,A.2.4,anqor,7,NA,End_Hypoallergenic,2008,m,foxhound,individual,a,z/d,Hypoallergenic,12.8,3.4,54.6,14.7,17.5,4.7,acb
saAus.K9.119,GATCGGAA,GTGCCAGCMGCCGCGGTAA,515Fbar117,101014JS515Fillumina1,B.2.23,bentley,1,NA,End_High_Fibre,2014,m,foxhound,individual,b,w/d,High_Fibre,8.1,2.7,44.7,15,17.2,5.8,bca
saAus.K9.120,GATGAGGC,GTGCCAGCMGCCGCGGTAA,515Fbar118,101014JS515Fillumina1,B.6.4,allaby,6,NA,End_Hypoallergenic,2009,f,foxhound,individual,a,z/d,Hypoallergenic,12.8,3.4,54.6,14.7,17.5,4.7,bca
saAus.K9.121,GATGGGTC,GTGCCAGCMGCCGCGGTAA,515Fbar119,101014JS515Fillumina1,A.2.18,banjo,4,NA,End_Hypoallergenic,2011,m,foxhound,individual,a,z/d,Hypoallergenic,12.8,3.4,54.6,14.7,17.5,4.7,acb
saAus.K9.122,GATGTCCG,GTGCCAGCMGCCGCGGTAA,515Fbar120,101014JS515Fillumina1,A.2.6,acorn,7,NA,End_Hypoallergenic,2008,f,foxhound,individual,a,z/d,Hypoallergenic,12.8,3.4,54.6,14.7,17.5,4.7,acb
saAus.K9.123,GATGTCTT,GTGCCAGCMGCCGCGGTAA,515Fbar121,101014JS515Fillumina1,A.6.24,bandit,2,NA,End_High_Fibre,2013,m,foxhound,individual,b,w/d,High_Fibre,8.1,2.7,44.7,15,17.2,5.8,acb
saAus.K9.124,GATTAGTG,GTGCCAGCMGCCGCGGTAA,515Fbar122,101014JS515Fillumina1,B.2.3,promise,7,NA,End_High_Fibre,2008,f,foxhound,individual,b,w/d,High_Fibre,8.1,2.7,44.7,15,17.2,5.8,bca
saAus.K9.125,GATTGCGT,GTGCCAGCMGCCGCGGTAA,515Fbar123,101014JS515Fillumina1,B.0.2,bradman,7,Baseline,Baseline,2008,m,foxhound,individual,c,meat,High_Protein,31,15,0,0,69,26,bca
saAus.K9.126,GATTGGGA,GTGCCAGCMGCCGCGGTAA,515Fbar124,101014JS515Fillumina1,A.0.21,bedlam,2,Baseline,Baseline,2013,f,foxhound,individual,c,meat,High_Protein,31,15,0,0,69,26,acb
saAus.K9.128,GATTTGCC,GTGCCAGCMGCCGCGGTAA,515Fbar126,101014JS515Fillumina1,A.0.1,blackprint,10,Baseline,Baseline,2005,m,foxhound,individual,c,meat,High_Protein,31,15,0,0,69,26,acb
saAus.K9.129,GCAAAAAG,GTGCCAGCMGCCGCGGTAA,515Fbar127,101014JS515Fillumina1,A.6.19,rena,4,NA,End_High_Fibre,2011,f,foxhound,individual,b,w/d,High_Fibre,8.1,2.7,44.7,15,17.2,5.8,acb
saAus.K9.131,GCAAGGCC,GTGCCAGCMGCCGCGGTAA,515Fbar129,101014JS515Fillumina1,A.4.4,anqor,7,Washout,Washout,2008,m,foxhound,individual,c,meat,High_Protein,31,15,0,0,69,26,acb
saAus.K9.132,GCAAGTCA,GTGCCAGCMGCCGCGGTAA,515Fbar130,101014JS515Fillumina1,B.4.6,brightly,5,Washout,Washout,2010,f,foxhound,individual,c,meat,High_Protein,31,15,0,0,69,26,bca
saAus.K9.133,GCAATCCA,GTGCCAGCMGCCGCGGTAA,515Fbar131,101014JS515Fillumina1,B.4.2,bradman,7,Washout,Washout,2008,m,foxhound,individual,c,meat,High_Protein,31,15,0,0,69,26,bca
saAus.K9.134,GCACAACC,GTGCCAGCMGCCGCGGTAA,515Fbar132,101014JS515Fillumina1,A.4.15,beach boy,5,Washout,Washout,2010,m,foxhound,individual,c,meat,High_Protein,31,15,0,0,69,26,acb
saAus.K9.135,GCACAACT,GTGCCAGCMGCCGCGGTAA,515Fbar133,101014JS515Fillumina1,B.2.17,spitster,2,NA,End_High_Fibre,2013,f,foxhound,individual,b,w/d,High_Fibre,8.1,2.7,44.7,15,17.2,5.8,bca
saAus.K9.138,GCACTTAA,GTGCCAGCMGCCGCGGTAA,515Fbar136,101014JS515Fillumina1,B.1.2,NA,NA,NA,Middle_High_Fibre,NA,NA,foxhound,individual,b,w/d,High_Fibre,8.1,2.7,44.7,15,17.2,5.8,bca
saAus.K9.139,GCAGAATT,GTGCCAGCMGCCGCGGTAA,515Fbar137,101014JS515Fillumina1,B.2.13,halifax,3,NA,End_High_Fibre,2012,m,foxhound,individual,b,w/d,High_Fibre,8.1,2.7,44.7,15,17.2,5.8,bca
saAus.K9.140,GCAGATTG,GTGCCAGCMGCCGCGGTAA,515Fbar138,101014JS515Fillumina1,A.6.5,amigo,8,NA,End_High_Fibre,2007,f,foxhound,individual,b,w/d,High_Fibre,8.1,2.7,44.7,15,17.2,5.8,acb
saAus.K9.141,CTGGGTAC,GTGCCAGCMGCCGCGGTAA,515Fbar139,101014JS515Fillumina1,A.4.5,amigo,8,Washout,Washout,2007,f,foxhound,individual,c,meat,High_Protein,31,15,0,0,69,26,acb
saAus.K9.143,CTGTACAC,GTGCCAGCMGCCGCGGTAA,515Fbar141,101014JS515Fillumina1,A.2.5,amigo,8,NA,End_Hypoallergenic,2007,f,foxhound,individual,a,z/d,Hypoallergenic,12.8,3.4,54.6,14.7,17.5,4.7,acb
saAus.K9.145,CTTAGGAC,GTGCCAGCMGCCGCGGTAA,515Fbar143,101014JS515Fillumina1,A.6.18,banjo,4,NA,End_High_Fibre,2011,m,foxhound,individual,b,w/d,High_Fibre,8.1,2.7,44.7,15,17.2,5.8,acb
saAus.K9.147,CTTCCATG,GTGCCAGCMGCCGCGGTAA,515Fbar145,101014JS515Fillumina1,A.2.1,blackprint,10,NA,End_Hypoallergenic,2005,m,foxhound,individual,a,z/d,Hypoallergenic,12.8,3.4,54.6,14.7,17.5,4.7,acb
saAus.K9.148,CTTCCCGT,GTGCCAGCMGCCGCGGTAA,515Fbar146,101014JS515Fillumina1,B.6.23,bentley,1,NA,End_Hypoallergenic,2014,m,foxhound,individual,a,z/d,Hypoallergenic,12.8,3.4,54.6,14.7,17.5,4.7,bca
saAus.K9.149,CTTCCTCA,GTGCCAGCMGCCGCGGTAA,515Fbar147,101014JS515Fillumina1,B.6.22,baxter,1,NA,End_Hypoallergenic,2014,m,foxhound,individual,a,z/d,Hypoallergenic,12.8,3.4,54.6,14.7,17.5,4.7,bca
saAus.K9.150,CTTCGCCG,GTGCCAGCMGCCGCGGTAA,515Fbar148,101014JS515Fillumina1,B.0.20,banker,2,Baseline,Baseline,2013,m,foxhound,individual,c,meat,High_Protein,31,15,0,0,69,26,bca
saAus.K9.151,CTTCGGAC,GTGCCAGCMGCCGCGGTAA,515Fbar149,101014JS515Fillumina1,A.4.2,amber,9,Washout,Washout,2006,f,foxhound,individual,c,meat,High_Protein,31,15,0,0,69,26,acb
saAus.K9.152,CTTCGTGG,GTGCCAGCMGCCGCGGTAA,515Fbar150,101014JS515Fillumina1,B.0.13,halifax,3,Baseline,Baseline,2012,m,foxhound,individual,c,meat,High_Protein,31,15,0,0,69,26,bca
saAus.K9.153,CTTGACGG,GTGCCAGCMGCCGCGGTAA,515Fbar151,101014JS515Fillumina1,B.2.10,admiral,6,NA,End_High_Fibre,2009,m,foxhound,individual,b,w/d,High_Fibre,8.1,2.7,44.7,15,17.2,5.8,bca
saAus.K9.154,CTTGCCCG,GTGCCAGCMGCCGCGGTAA,515Fbar152,101014JS515Fillumina1,B.4.21,hugh,1,Washout,Washout,2014,m,foxhound,individual,c,meat,High_Protein,31,15,0,0,69,26,bca
saAus.K9.155,CTTGGTCA,GTGCCAGCMGCCGCGGTAA,515Fbar153,101014JS515Fillumina1,B.2.11,kernal,4,NA,End_High_Fibre,2011,m,foxhound,individual,b,w/d,High_Fibre,8.1,2.7,44.7,15,17.2,5.8,bca
saAus.K9.157,CTTTAGCC,GTGCCAGCMGCCGCGGTAA,515Fbar155,101014JS515Fillumina1,B.2.8,nigel,5,NA,End_High_Fibre,2010,m,foxhound,individual,b,w/d,High_Fibre,8.1,2.7,44.7,15,17.2,5.8,bca
saAus.K9.158,CTTTGAGT,GTGCCAGCMGCCGCGGTAA,515Fbar156,101014JS515Fillumina1,B.4.23,bentley,1,Washout,Washout,2014,m,foxhound,individual,c,meat,High_Protein,31,15,0,0,69,26,bca
saAus.K9.159,CTTTGTCG,GTGCCAGCMGCCGCGGTAA,515Fbar157,101014JS515Fillumina1,B.4.22,baxter,1,Washout,Washout,2014,m,foxhound,individual,c,meat,High_Protein,31,15,0,0,69,26,bca
saAus.K9.160,CTTTGTTA,GTGCCAGCMGCCGCGGTAA,515Fbar158,101014JS515Fillumina1,A.0.6,acorn,7,Baseline,Baseline,2008,f,foxhound,individual,c,meat,High_Protein,31,15,0,0,69,26,acb
saAus.K9.161,CTTTTATC,GTGCCAGCMGCCGCGGTAA,515Fbar159,101014JS515Fillumina1,A.2.2,amber,9,NA,End_Hypoallergenic,2006,f,foxhound,individual,a,z/d,Hypoallergenic,12.8,3.4,54.6,14.7,17.5,4.7,acb
saAus.K9.163,CTTTTGCG,GTGCCAGCMGCCGCGGTAA,515Fbar161,101014JS515Fillumina1,A.4.3,honest,8,Washout,Washout,2007,f,foxhound,individual,c,meat,High_Protein,31,15,0,0,69,26,acb
saAus.K9.165,GAACAAGA,GTGCCAGCMGCCGCGGTAA,515Fbar163,101014JS515Fillumina1,A.0.22,barman,2,Baseline,Baseline,2013,m,foxhound,individual,c,meat,High_Protein,31,15,0,0,69,26,acb
saAus.K9.166,GAACACGG,GTGCCAGCMGCCGCGGTAA,515Fbar164,101014JS515Fillumina1,B.6.17,spitster,2,NA,End_Hypoallergenic,2013,f,foxhound,individual,a,z/d,Hypoallergenic,12.8,3.4,54.6,14.7,17.5,4.7,bca
saAus.K9.167,GAACCGCC,GTGCCAGCMGCCGCGGTAA,515Fbar165,101014JS515Fillumina1,B.4.18,hazard,2,Washout,Washout,2013,m,foxhound,individual,c,meat,High_Protein,31,15,0,0,69,26,bca
saAus.K9.169,GAAGTCCC,GTGCCAGCMGCCGCGGTAA,515Fbar167,101014JS515Fillumina1,A.0.17,kindle,4,Baseline,Baseline,2011,f,foxhound,individual,c,meat,High_Protein,31,15,0,0,69,26,acb
saAus.K9.170,GAAGTGCC,GTGCCAGCMGCCGCGGTAA,515Fbar168,101014JS515Fillumina1,B.4.3,promise,7,Washout,Washout,2008,f,foxhound,individual,c,meat,High_Protein,31,15,0,0,69,26,bca
saAus.K9.171,GAATGAAC,GTGCCAGCMGCCGCGGTAA,515Fbar169,101014JS515Fillumina1,B.6.6,brightly,5,NA,End_Hypoallergenic,2010,f,foxhound,individual,a,z/d,Hypoallergenic,12.8,3.4,54.6,14.7,17.5,4.7,bca
saAus.K9.172,GAATGCCG,GTGCCAGCMGCCGCGGTAA,515Fbar170,101014JS515Fillumina1,B.2.18,hazard,2,NA,End_High_Fibre,2013,m,foxhound,individual,b,w/d,High_Fibre,8.1,2.7,44.7,15,17.2,5.8,bca
saAus.K9.173,GAATGGAG,GTGCCAGCMGCCGCGGTAA,515Fbar171,101014JS515Fillumina1,A.4.23,bachelor,2,Washout,Washout,2013,m,foxhound,individual,c,meat,High_Protein,31,15,0,0,69,26,acb
saAus.K9.174,GACAAGAG,GTGCCAGCMGCCGCGGTAA,515Fbar172,101014JS515Fillumina1,A.4.7,ascot,7,Washout,Washout,2008,m,foxhound,individual,c,meat,High_Protein,31,15,0,0,69,26,acb
saAus.K9.176,GACAGTCA,GTGCCAGCMGCCGCGGTAA,515Fbar174,101014JS515Fillumina1,B.4.14,carlton,3,Washout,Washout,2012,m,foxhound,individual,c,meat,High_Protein,31,15,0,0,69,26,bca
saAus.K9.177,GACAGTGA,GTGCCAGCMGCCGCGGTAA,515Fbar175,101014JS515Fillumina1,B.4.12,anguish,4,Washout,Washout,2011,f,foxhound,individual,c,meat,High_Protein,31,15,0,0,69,26,bca
saAus.K9.178,GACATAGC,GTGCCAGCMGCCGCGGTAA,515Fbar176,101014JS515Fillumina1,B.2.22,baxter,1,NA,End_High_Fibre,2014,m,foxhound,individual,b,w/d,High_Fibre,8.1,2.7,44.7,15,17.2,5.8,bca
saAus.K9.179,GACATCTT,GTGCCAGCMGCCGCGGTAA,515Fbar177,101014JS515Fillumina1,A.6.2,amber,9,NA,End_High_Fibre,2006,f,foxhound,individual,b,w/d,High_Fibre,8.1,2.7,44.7,15,17.2,5.8,acb
saAus.K9.180,GACCCAAT,GTGCCAGCMGCCGCGGTAA,515Fbar178,101014JS515Fillumina1,A.0.23,bachelor,2,Baseline,Baseline,2013,m,foxhound,individual,c,meat,High_Protein,31,15,0,0,69,26,acb
saAus.K9.181,GACCGCAT,GTGCCAGCMGCCGCGGTAA,515Fbar179,101014JS515Fillumina1,A.2.23,bachelor,2,NA,End_Hypoallergenic,2013,m,foxhound,individual,a,z/d,Hypoallergenic,12.8,3.4,54.6,14.7,17.5,4.7,acb
saAus.K9.183,GACGATCG,GTGCCAGCMGCCGCGGTAA,515Fbar181,101014JS515Fillumina1,A.6.17,kindle,4,NA,End_High_Fibre,2011,f,foxhound,individual,b,w/d,High_Fibre,8.1,2.7,44.7,15,17.2,5.8,acb
saAus.K9.184,GACGCGCT,GTGCCAGCMGCCGCGGTAA,515Fbar182,101014JS515Fillumina1,B.6.20,banker,2,NA,End_Hypoallergenic,2013,m,foxhound,individual,a,z/d,Hypoallergenic,12.8,3.4,54.6,14.7,17.5,4.7,bca
saAus.K9.186,GACTAACC,GTGCCAGCMGCCGCGGTAA,515Fbar184,101014JS515Fillumina1,A.2.9,beauty,7,NA,End_Hypoallergenic,2008,f,foxhound,individual,a,z/d,Hypoallergenic,12.8,3.4,54.6,14.7,17.5,4.7,acb
saAus.K9.187,GACTACTT,GTGCCAGCMGCCGCGGTAA,515Fbar185,101014JS515Fillumina1,B.0.17,spitster,2,Baseline,Baseline,2013,f,foxhound,individual,c,meat,High_Protein,31,15,0,0,69,26,bca
saAus.K9.188,GACTAGGT,GTGCCAGCMGCCGCGGTAA,515Fbar186,101014JS515Fillumina1,A.6.1,blackprint,10,NA,End_High_Fibre,2005,m,foxhound,individual,b,w/d,High_Fibre,8.1,2.7,44.7,15,17.2,5.8,acb
saAus.K9.190,GACTCTTG,GTGCCAGCMGCCGCGGTAA,515Fbar188,101014JS515Fillumina1,B.2.9,gerlert,5,NA,End_High_Fibre,2010,m,foxhound,individual,b,w/d,High_Fibre,8.1,2.7,44.7,15,17.2,5.8,bca
saAus.K9.191,GACTGGAA,GTGCCAGCMGCCGCGGTAA,515Fbar189,101014JS515Fillumina1,A.0.12,alphabet,6,Baseline,Baseline,2009,f,foxhound,individual,c,meat,High_Protein,31,15,0,0,69,26,acb
saAus.K9.193,GACTTGCG,GTGCCAGCMGCCGCGGTAA,515Fbar191,101014JS515Fillumina1,A.6.8,cybil,7,NA,End_High_Fibre,2008,f,foxhound,individual,b,w/d,High_Fibre,8.1,2.7,44.7,15,17.2,5.8,acb
saAus.K9.194,GACTTGGG,GTGCCAGCMGCCGCGGTAA,515Fbar192,101014JS515Fillumina1,A.6.20,favour,3,NA,End_High_Fibre,2012,f,foxhound,individual,b,w/d,High_Fibre,8.1,2.7,44.7,15,17.2,5.8,acb
saAus.K9.195,GAGACTAA,GTGCCAGCMGCCGCGGTAA,515Fbar193,101014JS515Fillumina1,A.4.11,nector,6,Washout,Washout,2009,f,foxhound,individual,c,meat,High_Protein,31,15,0,0,69,26,acb
saAus.K9.196,GAGACTGA,GTGCCAGCMGCCGCGGTAA,515Fbar194,101014JS515Fillumina1,A.0.11,nector,6,Baseline,Baseline,2009,f,foxhound,individual,c,meat,High_Protein,31,15,0,0,69,26,acb
saAus.K9.197,GAGACTGC,GTGCCAGCMGCCGCGGTAA,515Fbar195,101014JS515Fillumina1,A.4.19,rena,4,Washout,Washout,2011,f,foxhound,individual,c,meat,High_Protein,31,15,0,0,69,26,acb
saAus.K9.198,GAGAGGCC,GTGCCAGCMGCCGCGGTAA,515Fbar196,101014JS515Fillumina1,B.0.10,admiral,6,Baseline,Baseline,2009,m,foxhound,individual,c,meat,High_Protein,31,15,0,0,69,26,bca
saAus.K9.199,GAGCACAT,GTGCCAGCMGCCGCGGTAA,515Fbar197,101014JS515Fillumina1,B.0.16,bookmaker,2,Baseline,Baseline,2013,m,foxhound,individual,c,meat,High_Protein,31,15,0,0,69,26,bca
saAus.K9.200,GAGCAGAC,GTGCCAGCMGCCGCGGTAA,515Fbar198,101014JS515Fillumina1,A.0.13,hiccup,6,Baseline,Baseline,2009,f,foxhound,individual,c,meat,High_Protein,31,15,0,0,69,26,acb
saAus.K9.201,GAGCATTC,GTGCCAGCMGCCGCGGTAA,515Fbar199,101014JS515Fillumina1,A.2.7,ascot,7,NA,End_Hypoallergenic,2008,m,foxhound,individual,a,z/d,Hypoallergenic,12.8,3.4,54.6,14.7,17.5,4.7,acb
saAus.K9.202,GAGCCGAA,GTGCCAGCMGCCGCGGTAA,515Fbar200,101014JS515Fillumina1,B.6.18,hazard,2,NA,End_Hypoallergenic,2013,m,foxhound,individual,a,z/d,Hypoallergenic,12.8,3.4,54.6,14.7,17.5,4.7,bca
saAus.K9.203,GAGAGTGT,GTGCCAGCMGCCGCGGTAA,515Fbar1,101014JS515Fillumina1,B.6.5,mansfield,6,NA,End_Hypoallergenic,2009,m,foxhound,individual,a,z/d,Hypoallergenic,12.8,3.4,54.6,14.7,17.5,4.7,bca
saAus.K9.204,GAGATCAG,GTGCCAGCMGCCGCGGTAA,515Fbar2,101014JS515Fillumina1,B.4.19,hero,2,Washout,Washout,2013,m,foxhound,individual,c,meat,High_Protein,31,15,0,0,69,26,bca
saAus.K9.205,GAGATCTC,GTGCCAGCMGCCGCGGTAA,515Fbar3,101014JS515Fillumina1,A.6.7,ascot,7,NA,End_High_Fibre,2008,m,foxhound,individual,b,w/d,High_Fibre,8.1,2.7,44.7,15,17.2,5.8,acb
saAus.K9.206,GAGATGAC,GTGCCAGCMGCCGCGGTAA,515Fbar4,101014JS515Fillumina1,A.4.22,barman,2,Washout,Washout,2013,m,foxhound,individual,c,meat,High_Protein,31,15,0,0,69,26,acb
saAus.K9.207,GAGATGTG,GTGCCAGCMGCCGCGGTAA,515Fbar5,101014JS515Fillumina1,B.0.4,allaby,6,Baseline,Baseline,2009,f,foxhound,individual,c,meat,High_Protein,31,15,0,0,69,26,bca
saAus.K9.208,GAGTACAG,GTGCCAGCMGCCGCGGTAA,515Fbar6,101014JS515Fillumina1,B.4.10,admiral,6,Washout,Washout,2009,m,foxhound,individual,c,meat,High_Protein,31,15,0,0,69,26,bca
saAus.K9.209,GAGTACTC,GTGCCAGCMGCCGCGGTAA,515Fbar7,101014JS515Fillumina1,B.6.2,bradman,7,NA,End_Hypoallergenic,2008,m,foxhound,individual,a,z/d,Hypoallergenic,12.8,3.4,54.6,14.7,17.5,4.7,bca
saAus.K9.210,GAGTAGAC,GTGCCAGCMGCCGCGGTAA,515Fbar8,101014JS515Fillumina1,A.2.8,cybil,7,NA,End_Hypoallergenic,2008,f,foxhound,individual,a,z/d,Hypoallergenic,12.8,3.4,54.6,14.7,17.5,4.7,acb
saAus.K9.211,GAGTAGTG,GTGCCAGCMGCCGCGGTAA,515Fbar9,101014JS515Fillumina1,B.6.13,halifax,3,NA,End_Hypoallergenic,2012,m,foxhound,individual,a,z/d,Hypoallergenic,12.8,3.4,54.6,14.7,17.5,4.7,bca
saAus.K9.215,GAGTCTGT,GTGCCAGCMGCCGCGGTAA,515Fbar13,101014JS515Fillumina1,A.4.21,bedlam,2,Washout,Washout,2013,f,foxhound,individual,c,meat,High_Protein,31,15,0,0,69,26,acb
saAus.K9.216,GAGTGACA,GTGCCAGCMGCCGCGGTAA,515Fbar14,101014JS515Fillumina1,A.2.13,hiccup,6,NA,End_Hypoallergenic,2009,f,foxhound,individual,a,z/d,Hypoallergenic,12.8,3.4,54.6,14.7,17.5,4.7,acb
saAus.K9.217,GAGTGAGT,GTGCCAGCMGCCGCGGTAA,515Fbar15,101014JS515Fillumina1,B.6.7,gaffa,5,NA,End_Hypoallergenic,2010,m,foxhound,individual,a,z/d,Hypoallergenic,12.8,3.4,54.6,14.7,17.5,4.7,bca
saAus.K9.218,GAGTGTCT,GTGCCAGCMGCCGCGGTAA,515Fbar16,101014JS515Fillumina1,B.2.4,allaby,6,NA,End_High_Fibre,2009,f,foxhound,individual,b,w/d,High_Fibre,8.1,2.7,44.7,15,17.2,5.8,bca
saAus.K9.222,GAGTTGAG,GTGCCAGCMGCCGCGGTAA,515Fbar20,101014JS515Fillumina1,B.2.16,bookmaker,2,NA,End_High_Fibre,2013,m,foxhound,individual,b,w/d,High_Fibre,8.1,2.7,44.7,15,17.2,5.8,bca
saAus.K9.223,GAGTTGTC,GTGCCAGCMGCCGCGGTAA,515Fbar21,101014JS515Fillumina1,B.2.5,mansfield,6,NA,End_High_Fibre,2009,m,foxhound,individual,b,w/d,High_Fibre,8.1,2.7,44.7,15,17.2,5.8,bca
saAus.K9.224,GATCACCA,GTGCCAGCMGCCGCGGTAA,515Fbar22,101014JS515Fillumina1,B.0.8,nigel,5,Baseline,Baseline,2010,m,foxhound,individual,c,meat,High_Protein,31,15,0,0,69,26,bca
saAus.K9.225,GATCACGT,GTGCCAGCMGCCGCGGTAA,515Fbar23,101014JS515Fillumina1,B.4.5,mansfield,6,Washout,Washout,2009,m,foxhound,individual,c,meat,High_Protein,31,15,0,0,69,26,bca
saAus.K9.226,GATCAGCT,GTGCCAGCMGCCGCGGTAA,515Fbar24,101014JS515Fillumina1,B.6.16,bookmaker,2,NA,End_Hypoallergenic,2013,m,foxhound,individual,a,z/d,Hypoallergenic,12.8,3.4,54.6,14.7,17.5,4.7,bca
saAus.K9.228,GATCCAAC,GTGCCAGCMGCCGCGGTAA,515Fbar26,101014JS515Fillumina1,B.6.12,anguish,4,NA,End_Hypoallergenic,2011,f,foxhound,individual,a,z/d,Hypoallergenic,12.8,3.4,54.6,14.7,17.5,4.7,bca
saAus.K9.230,GATCCTAG,GTGCCAGCMGCCGCGGTAA,515Fbar28,101014JS515Fillumina1,A.4.20,favour,3,Washout,Washout,2012,f,foxhound,individual,c,meat,High_Protein,31,15,0,0,69,26,acb
saAus.K9.231,GATCCTTC,GTGCCAGCMGCCGCGGTAA,515Fbar29,101014JS515Fillumina1,B.0.18,hazard,2,Baseline,Baseline,2013,m,foxhound,individual,c,meat,High_Protein,31,15,0,0,69,26,bca
saAus.K9.233,GATCGATC,GTGCCAGCMGCCGCGGTAA,515Fbar31,101014JS515Fillumina1,A.0.20,favour,3,Baseline,Baseline,2012,f,foxhound,individual,c,meat,High_Protein,31,15,0,0,69,26,acb
saAus.K9.235,GATCGTTG,GTGCCAGCMGCCGCGGTAA,515Fbar33,101014JS515Fillumina1,A.4.14,charcoal,5,Washout,Washout,2010,m,foxhound,individual,c,meat,High_Protein,31,15,0,0,69,26,acb
saAus.K9.236,GATCTCCT,GTGCCAGCMGCCGCGGTAA,515Fbar34,101014JS515Fillumina1,B.2.6,brightly,5,NA,End_High_Fibre,2010,f,foxhound,individual,b,w/d,High_Fibre,8.1,2.7,44.7,15,17.2,5.8,bca
saAus.K9.237,GATCTCGA,GTGCCAGCMGCCGCGGTAA,515Fbar35,101014JS515Fillumina1,B.0.14,carlton,3,Baseline,Baseline,2012,m,foxhound,individual,c,meat,High_Protein,31,15,0,0,69,26,bca
saAus.K9.239,GATCTGGT,GTGCCAGCMGCCGCGGTAA,515Fbar37,101014JS515Fillumina1,A.0.14,charcoal,5,Baseline,Baseline,2010,m,foxhound,individual,c,meat,High_Protein,31,15,0,0,69,26,acb
saAus.K9.240,GATGACCT,GTGCCAGCMGCCGCGGTAA,515Fbar38,101014JS515Fillumina1,B.0.5,mansfield,6,Baseline,Baseline,2009,m,foxhound,individual,c,meat,High_Protein,31,15,0,0,69,26,bca
saAus.K9.241,GATGACGA,GTGCCAGCMGCCGCGGTAA,515Fbar39,101014JS515Fillumina1,A.0.3,honest,8,Baseline,Baseline,2007,f,foxhound,individual,c,meat,High_Protein,31,15,0,0,69,26,acb